{"episode":48,"reward":-5.199999999999934,"_timestamp":1.7781631289298906e+09,"_step":47,"success":0,"_wandb":{"runtime":5228},"bc_anchor_loss":0,"ppo_loss":-7.335956286880219e-09,"episode_length":520,"value_loss":0.009080023504793644,"_runtime":5228}