{"entropy":-25.066991806030273,"ppo_loss":0.11045632615798352,"_wandb":{"runtime":10561},"value_loss":0.03445020295453794,"_timestamp":1.7783737040057302e+09,"_step":99,"_runtime":10561,"episode_length":520,"delta_action_norm":0.2965782752403846,"reward":-8.044159118560188,"success":0,"action_drift_norm":0.5249511974433867,"scaled_delta_action_norm":0.005931267371544471,"episode":100,"bc_anchor_loss":0.013978357991260107}