{"episode":3,"scaled_delta_action_norm":0,"action_drift_norm":0.35487700718669934,"episode_length":520,"success":0,"_timestamp":1.7783623898298998e+09,"_wandb":{"runtime":435},"_runtime":435,"_step":2,"reward":-8.202722137704084,"delta_action_norm":0}