{"episode_length":520,"_timestamp":1.7784413036409347e+09,"value_loss":0.0382511235322013,"_wandb":{"runtime":9957},"action_drift_norm":0.3359896088796701,"entropy":-25.06750031673547,"reward":-8.378317738170283,"scaled_delta_action_norm":0.0003445295187143179,"ppo_loss":-0.04594214830660459,"delta_action_norm":0.01722723153921274,"episode":100,"bc_anchor_loss":9.413536190550076e-07,"_step":99,"_runtime":9957,"success":0}