{"episode_length":520,"episode":3,"delta_action_norm":0,"success":0,"action_drift_norm":0.43398373217966696,"_wandb":{"runtime":443},"_runtime":443,"_step":2,"scaled_delta_action_norm":0,"reward":-11.248800542198977,"_timestamp":1.778362907383506e+09}