{"episode":7,"episode_length":520,"success":0,"bc_anchor_loss":0.0001094001199817285,"reward":-5.199999999999934,"_runtime":3606,"value_loss":0.00741247832775116,"_step":6,"ppo_loss":-0.008270666934549809,"_timestamp":1.7781681242515788e+09,"_wandb":{"runtime":3606}}