{"reward":-5.199999999999934,"episode_length":520,"ppo_loss":4.954171180725098,"value_loss":0.0031785203609615564,"_timestamp":1.7781642841208532e+09,"_wandb":{"runtime":1369},"_step":1,"episode":2,"bc_anchor_loss":2.2415542844100855e-05,"success":0,"_runtime":1369}